
--
-- 表的结构 `book`
--

CREATE TABLE `book` (
  `id` varchar(50) CHARACTER SET utf8mb4 COLLATE utf8mb4_general_ci NOT NULL,
  `isbn` varchar(50) CHARACTER SET utf8mb4 COLLATE utf8mb4_general_ci NOT NULL DEFAULT '',
  `book_name` varchar(190) CHARACTER SET utf8mb4 COLLATE utf8mb4_general_ci NOT NULL DEFAULT '',
  `chinese_cate` varchar(100) CHARACTER SET utf8mb4 COLLATE utf8mb4_general_ci NOT NULL DEFAULT '',
  `owner_id` varchar(50) CHARACTER SET utf8mb4 COLLATE utf8mb4_general_ci NOT NULL,
  `stock_status` int(11) NOT NULL DEFAULT '2',
  `create_date` int(11) NOT NULL,
  `update_date` int(11) NOT NULL
) ENGINE=InnoDB DEFAULT CHARSET=utf8mb4 COLLATE=utf8mb4_general_ci;

--
-- 转存表中的数据 `book`
--

INSERT INTO `book` (`id`, `isbn`, `book_name`, `chinese_cate`, `owner_id`, `stock_status`, `create_date`, `update_date`) VALUES
('445e77c0-0257-1d82-cfed-5cea8e07fcb5', '9780000000002', '让健身成为一种生活习惯', '', 'marathon', 0, 1594282323, 1594282323),
('86324ba1-b311-25a0-6249-28a0adf723c7', '9780375827785', '#凯迪克', '', 'marathon', 0, 1596199801, 1596199801),
('ed1e3623-6a10-4bb9-828b-8f3502770bd8', '9781234567897', '情倾天下3', '', 'marathon', 0, 1594282295, 1594282295),
('3b87b42d-cd38-9065-be58-dbf35612198f', '9787020002207', '红楼梦', '', '03e65305-5d83-11e4-9dd8-92062f326697', 0, 1608255475, 1608255475),
('42ee8723-9390-9067-14b7-857173e390ad', '9787020049441', 'viki的测试书', 'z-01', '03e65305-5d83-11e4-9dd8-92062f326697', 0, 1605145809, 1605852980),
('2dc12db8-2c73-dadf-04d0-b2813bf0bc6b', '9787020049441', 'viki的测试书viki的测试书viki的测试书viki的测试书viki的测试书viki的测试书viki的测试书viki的测试书viki的测试书viki的测试书viki的测试书viki的测试书viki的测试书viki的测试书viki的测试书viki的测试书', 'z-01', '03e65305-5d83-11e4-9dd8-92062f326697', 0, 1605247595, 1607480559),
('6f9abbea-d439-2889-5d01-e3fbeb32ff20', '9787100188265', '权力意志', '', '03e65305-5d83-11e4-9dd8-92062f326697', 0, 1612408827, 1612408827),
('c51cfa55-33b8-22c2-61c1-99f2327f7db7', '9787109274402', '我爱我的家乡', '', '03e65305-5d83-11e4-9dd8-92062f326697', 0, 1612408466, 1612408466),
('c24363f6-9ac1-a857-830c-2e4f96b58666', '9787111504962', '移动App测试实战：顶级互联网企业软件测试和质量提升最佳实践', '', 'booksharing', 0, 1589956036, 1589956036),
('2c114352-6a00-8ac3-171d-c6a3253e6b9e', '9787115162212', '鸟哥的Linux私房菜 基础学习篇(第二版)', '', 'marathon', 0, 1593769634, 1593769634),
('b7644e22-b2ce-bf6f-3ad6-405237992dad', '9787115443588', '中国最美小镇手绘之旅', '', '03e65305-5d83-11e4-9dd8-92062f326697', 0, 1608286111, 1609293409),
('10b0da03-b4ea-1ade-2ca7-6ff440e79941', '9787115443588', '中国最美小镇手绘之旅', '', 'marathon', 0, 1594280885, 1594280885),
('27ffde3d-b630-6047-d696-a3ce4dde36aa', '9787121374500', 'IAF Sandy Schuman  ', '', 'marathon', 0, 1595127044, 1595127044),
('391d96b8-2ab2-b709-babd-e8c68ac82012', '9787121384356', '程序员修炼之道：通向务实的最高境界', '', 'move', 0, 1587353761, 1587353761),
('7cc83a87-6426-9b97-2af9-8967b20541d8', '9787122121004', 'xh-testStatus23', 'K120', '03e65305-5d83-11e4-9dd8-92062f326697', 0, 1554949161, 1588676779),
('ce8c3a96-038d-e208-d153-dc9fbe0ff8df', '9787122376671', '故宫宴', '', '03e65305-5d83-11e4-9dd8-92062f326697', 0, 1612408996, 1612408996),
('f8af1fac-3089-d671-99c5-d4d01f68a842', '9787202024966', '鲁迅与高长虹:现代文学史上的一桩公案', '', '03e65305-5d83-11e4-9dd8-92062f326697', 0, 1561097384, 1584675977),
('f958962a-dff6-42fa-7cee-e2776ec1b9db', '9787202024966', '鲁迅与高长虹:现代文学史上的一桩公案', '', 'move', 0, 1561097446, 1561097446),
('1dd62938-e209-e78b-33dd-242883f62681', '9787202024966', '鲁迅与高长虹:现代文学史上的一桩公案2', '', '03e65305-5d83-11e4-9dd8-92062f326697', 0, 1576051219, 1576824961),
('03900ca8-0deb-ee22-cabb-87c9b8aad550', '9787208166660', '法国大革命前夕的图书世界', '', '03e65305-5d83-11e4-9dd8-92062f326697', 0, 1612408750, 1612408750),
('89c0dae9-a9ec-263a-983b-402bf4af20ef', '9787210097648', '好好吃饭：无须自控力', '', 'move', 0, 1561098026, 1561098026),
('132a0d90-6ca0-3a8e-c1c1-110cf7f10ee3', '9787218109237', '无偿-共享经济时代如何重新定义工作?', '', 'booksharing', 0, 1585646635, 1585646635),
('d9e13abf-b437-8b3f-1326-723f5b8322e5', '9787219110898', '塔朗窃贼', '', '03e65305-5d83-11e4-9dd8-92062f326697', 0, 1609309912, 1609309912),
('da85172a-dbe3-b77c-e659-3328eff5b737', '9787221157355', '两栖爬行动物的神话与传说', '', 'move', 0, 1582706797, 1582706797),
('7ba9b70c-5384-5bde-5bc5-b0dfc64a81a7', '9787221234567', '般若', '', '03e65305-5d83-11e4-9dd8-92062f326697', 0, 1608255988, 1608255988),
('34ea3876-a544-0723-145e-8a2ec2b5ef5a', '9787222143975', '长夜难明', '', '03e65305-5d83-11e4-9dd8-92062f326697', 0, 1608255534, 1608255534),
('0972c566-2b5e-d52a-b9e5-6e91440e85f9', '9787229120726', '状元热血手帐-给更努力的自己（第二版）2018', '', 'marathon', 0, 1594262267, 1594262267),
('83acf2f0-19d4-ebff-c111-dde3e03de1f7', '9787300264141', '中国互联网公益', '', '03e65305-5d83-11e4-9dd8-92062f326697', 0, 1608285590, 1611110238),
('3d025656-4f79-4972-647a-740e2db7703c', '9787303151202', '攀登英语阅读系列有趣的字母 全26册附CD', '', 'move', 0, 1597457802, 1597457802),
('9e5756c7-183e-06bd-8d00-d20ec4d647d3', '9787506365680', '许三观卖血记', '', '03e65305-5d83-11e4-9dd8-92062f326697', 0, 1608261275, 1608261277),
('53204e73-d3dd-db62-7b79-6c3a1648c1c5', '9787507552102', '华文全球史042·塞尔维亚史：困扰欧罗巴一千五百年的火药桶', '', 'move', 0, 1582706794, 1582706794),
('e487b1a4-da55-d2d1-d8a2-d0524273473d', '9787508669052', '第五项修炼', '', 'marathon', 0, 1595126708, 1595126708),
('aeab874b-eaeb-50aa-3f97-3d105e626e08', '9787508672069', '未来简史 一本好书', '', 'booksharing', 0, 1584414160, 1584414160),
('583a303d-b53b-007c-0246-0bb4a9fdeccd', '9787508697000', '怪诞脑科学：战胜焦虑、混乱、拖延的自控术', '', '03e65305-5d83-11e4-9dd8-92062f326697', 0, 1561097343, 1568271330),
('239476c8-d430-99d7-711a-a765ec115210', '9787513319652', '神逻辑：不讲道理的人怎么总有理！', '', '03e65305-5d83-11e4-9dd8-92062f326697', 0, 1609833326, 1612407329),
('c087f2d3-0a94-a66e-c08b-a66e3ce42ac7', '9787513339780', '剖开您是我的荣幸', '', '03e65305-5d83-11e4-9dd8-92062f326697', 0, 1598371609, 1604483560),
('4e0d9d9a-d863-e60b-8bf7-32bc15131ad4', '9787514207804', '自控力2', '', '16436900-7141-cb19-dafc-d63615124478', 0, 1575509597, 1575509617),
('808c6a64-b478-710b-f611-22a21a3c218f', '9787514217155', 'ai未来 李开复', '', 'marathon', 0, 1594193721, 1594193721),
('99620074-1491-878e-bbc5-e55603986044', '9787514231434', '《恋上这座城 :', '', '03e65305-5d83-11e4-9dd8-92062f326697', 0, 1612408772, 1612408772),
('362c182d-d19c-4a73-0f86-836596b10a11', '9787519821968', '数据密集型应用系统设计', '', 'marathon', 0, 1594293463, 1594293463),
('b1a17a1b-8774-b20a-94d1-fe2638f003fe', '9787521204568', '未来人不存在', '', 'move', 0, 1561086451, 1561086451),
('1130e711-fce5-89c4-08e0-97fa09b527c2', '9787530112038', '你看起来好像很好吃（全7册）宫西达也恐龙系列绘本（全套7册）绘本蒲蒲兰绘本馆绘本0-3-6经典绘本排行榜我是霸王龙绘本', '', 'move', 0, 1592206306, 1592206306),
('c7ccca03-3a77-dbdf-e897-c26fa0d5e3f7', '9787530476017', '法布尔昆虫记', '', 'booksharing', 0, 1561098134, 1561098134),
('8be09b5d-76d7-44a4-62f8-e03c3b1e149f', '9787532740307', '野性的呼唤', '', '03e65305-5d83-11e4-9dd8-92062f326697', 0, 1607501890, 1607501890),
('43f7add8-f916-7824-f753-2ef638c3e698', '9787532753451', '远山淡影', '', 'marathon', 0, 1594279285, 1594279285),
('29e3d41c-a5c8-8238-1c47-82bac511fdc2', '9787536093171', '弃猫', '', '03e65305-5d83-11e4-9dd8-92062f326697', 0, 1612408506, 1612408506),
('a7bbf097-fb84-20d9-fd6a-84092a1e688d', '9787536486003', '大便书（纪念版）', '', 'marathon', 0, 1594121762, 1594121762),
('82157039-32ab-9e17-fb11-58f08907d925', '9787540116446', '唐李岘墓志', '', 'move', 0, 1561097579, 1561097579),
('ca55f581-b4c5-c430-48c3-a80ade0941b8', '9787540474065', '非洲三万里', '', '03e65305-5d83-11e4-9dd8-92062f326697', 0, 1608285205, 1608704023),
('789230fa-560d-e8c9-f1bd-e5a78ff0ff7a', '9787540477301', '夺命卧铺', '', '03e65305-5d83-11e4-9dd8-92062f326697', 0, 1609310040, 1609751410),
('7357e0bc-2d21-e33b-fbf7-c7a038d047e8', '9787540486471', '全宇宙至此剧终Ⅱ', '', 'move', 0, 1585880086, 1585880086),
('adedfb4b-4974-f739-0ecf-d55d5b6c8b2a', '9787540495091', '黑色睡莲', '', 'move', 0, 1587353759, 1587353759),
('aaaf2cb3-aee9-152e-ae5a-71dcfe99cdab', '9787541157820', '生活的100个基本：过好恒常如新的每一天', '', '03e65305-5d83-11e4-9dd8-92062f326697', 0, 1609309995, 1609751457),
('08792a6e-0dac-c65f-d836-9fc741ad6c06', '9787541745546', '我们的身体', '', 'booksharing', 0, 1585905914, 1585905914),
('6b791bcf-ca24-2c0c-f7ca-310e4194e958', '9787542669964', '夜晚的潜水艇', '', '03e65305-5d83-11e4-9dd8-92062f326697', 0, 1608255426, 1608255426),
('b32de393-ade9-f5d1-249b-6bde3259a158', '9787543096158', '当你的才华还撑不起你的梦想时', '', 'marathon', 0, 1594371727, 1594371727),
('fc3a572e-0225-e319-32e3-85dfa0108ab3', '9787544258609', '白夜行', 'A', '03e65305-5d83-11e4-9dd8-92062f326697', 0, 1608255384, 1608255828),
('c1a55407-fbb4-c8c3-f16a-8b08f90b0ffd', '9787544285681', '大地上的居所', '', '03e65305-5d83-11e4-9dd8-92062f326697', 0, 1609309659, 1609309659),
('037164f2-d032-863a-84a7-ce2929d5bb3b', '9787544291163', '东野圭吾：白夜行2017版', '', '03e65305-5d83-11e4-9dd8-92062f326697', 0, 1608259243, 1608284916),
('e66317d0-a3f3-4cb4-c65d-1223fcda60b1', '9787544470636', '牛津英语阅读系列5B 适合小学五六年级使用', '', 'booksharing', 0, 1571888197, 1571888197),
('1a84fce6-6182-1143-6404-70729a67fa2b', '9787545560213', '走出内向：给孤独者的治愈之书', '', '03e65305-5d83-11e4-9dd8-92062f326697', 0, 1612408982, 1612408982),
('2376f97a-a273-a0b7-b160-3b7c428883ce', '9787546231075', '广州十三行故事', 'P195', '03e65305-5d83-11e4-9dd8-92062f326697', 0, 1610074471, 1610074566),
('d955416a-5c14-49c2-de38-98ed5135c197', '9787547317204', '提尔 外国小说', '', '03e65305-5d83-11e4-9dd8-92062f326697', 0, 1609309164, 1609309164),
('bae91893-7fb4-0df4-ace1-78fbd1843dce', '9787550034099', '拥抱时间的人', '', 'move', 0, 1582706792, 1582706792),
('6568f5a1-4436-ae37-7e4f-3390bbca9bd1', '9787550247116', '世界未解之谜', '', '03e65305-5d83-11e4-9dd8-92062f326697', 0, 1608259210, 1608286092),
('74815080-5a92-706f-2f65-08f279d9b1fc', '9787551559256', '故事中国图画书：长城', '', 'move', 0, 1592212523, 1592212523),
('408e365e-3bbd-37ed-5b90-0dca38905dc6', '9787553511306', '心喜阅绘本馆：好困的酸黄瓜', '', '03e65305-5d83-11e4-9dd8-92062f326697', 0, 1612408912, 1612408912),
('aad7845c-62d9-d42a-c7d4-a403b3c248c3', '9787558728792', '猫咪号大冒险', '', '03e65305-5d83-11e4-9dd8-92062f326697', 0, 1612408965, 1612408965),
('2a8fa910-1340-182c-abfb-357ba84f5cee', '9787559644633', '龙猫', '', '03e65305-5d83-11e4-9dd8-92062f326697', 0, 1612409020, 1612409020),
('bbca5de5-7f54-50fe-74ec-447b6c4f17a4', '9787559645708', '男孩、鼹鼠、狐狸和马', '', '03e65305-5d83-11e4-9dd8-92062f326697', 0, 1612407656, 1612407656),
('d5e1d705-8ada-6d72-0e6e-a2d4a2711f34', '9787559647955', '薇娅：人生是用来改变的', '', '03e65305-5d83-11e4-9dd8-92062f326697', 0, 1612407718, 1612407718),
('7dff3c57-5121-6340-e7ba-d4c28ef16eee', '9787559834041', '慢教授', 'B83', '03e65305-5d83-11e4-9dd8-92062f326697', 0, 1609385011, 1609740357),
('cfc95cfa-a47e-fc13-58c2-b23dd0db5c6a', '9787563447053', '地球上的沙漠雨林', '', 'move', 0, 1585274131, 1585274131),
('f47bc322-d00f-f87d-a460-c63bfc7ceb7a', '9787565110771', '小袋鼠 小班下3', '', 'marathon', 0, 1594564857, 1594564857),
('936cd28c-e7d7-b371-6dcb-a0a21fb67365', '9787565119408', '2014年新版 幼儿园活动整合课程', '', 'marathon', 0, 1594564888, 1594564888);

-- --------------------------------------------------------

--
-- 表的结构 `service_batch`
--

CREATE TABLE `service_batch` (
  `id` bigint(20) UNSIGNED NOT NULL,
  `status` tinyint(4) NOT NULL DEFAULT '0' COMMENT '服务状态：0 进行中 1 完成 2 已取消',
  `over_date` decimal(14,4) NOT NULL COMMENT '服务超时时间',
  `create_date` decimal(14,4) NOT NULL
) ENGINE=InnoDB DEFAULT CHARSET=utf8mb4 COLLATE=utf8mb4_general_ci;

--
-- 转存表中的数据 `service_batch`
--

INSERT INTO `service_batch` (`id`, `status`, `over_date`, `create_date`) VALUES
(1, 2, '1612517891.4770', '1611913091.4771'),
(11, 1, '1612494127.9829', '1612407727.9829'),
(14, 1, '1612774364.7895', '1612687964.7905'),
(16, 1, '1612838062.6129', '1612751662.6129');

-- --------------------------------------------------------

--
-- 表的结构 `service_book`
--

CREATE TABLE `service_book` (
  `id` bigint(20) UNSIGNED NOT NULL,
  `batch_id` bigint(20) NOT NULL,
  `book_data_id` varchar(50) CHARACTER SET utf8mb4 COLLATE utf8mb4_general_ci NOT NULL,
  `re_audit_reason_id` bigint(20) NOT NULL DEFAULT '0' COMMENT '二次处理原因id',
  `re_audit_reason` varchar(255) CHARACTER SET utf8mb4 COLLATE utf8mb4_general_ci NOT NULL DEFAULT '' COMMENT '二次处理其他原因',
  `create_date` decimal(14,4) NOT NULL
) ENGINE=InnoDB DEFAULT CHARSET=utf8mb4 COLLATE=utf8mb4_general_ci;

--
-- 转存表中的数据 `service_book`
--

INSERT INTO `service_book` (`id`, `batch_id`, `book_data_id`, `re_audit_reason_id`, `re_audit_reason`, `create_date`) VALUES
(1, 1, '08792a6e-0dac-c65f-d836-9fc741ad6c06', 13, '', '1611913091.5819'),
(2, 1, '132a0d90-6ca0-3a8e-c1c1-110cf7f10ee3', 11, '', '1611913091.5819'),
(3, 1, 'aeab874b-eaeb-50aa-3f97-3d105e626e08', 0, '', '1611913091.5819'),
(4, 1, 'c24363f6-9ac1-a857-830c-2e4f96b58666', 0, '', '1611913091.5819'),
(5, 1, 'c7ccca03-3a77-dbdf-e897-c26fa0d5e3f7', 0, '', '1611913091.5819'),
(6, 1, 'e66317d0-a3f3-4cb4-c65d-1223fcda60b1', 0, '', '1611913091.5819'),
(7, 1, 'ea122735-835d-8917-0ae3-e5586c82d040', 0, '', '1611913091.5819'),
(8, 1, 'ef0a5cc9-54c0-bd77-af58-3668173d51de', 0, '', '1611913091.5819'),
(9, 1, 'fdac52ed-d2ef-9afd-7514-6f1cc96b87f7', 0, '', '1611913091.5819'),
(10, 1, '037164f2-d032-863a-84a7-ce2929d5bb3b', 0, '', '1611913091.5819'),
(11, 1, '08cd850a-bf2f-9dd8-20aa-682bbba76026', 0, '', '1611913091.5819'),
(12, 1, '0972c566-2b5e-d52a-b9e5-6e91440e85f9', 0, '', '1611913091.5819'),
(13, 1, '10b0da03-b4ea-1ade-2ca7-6ff440e79941', 0, '', '1611913091.5819'),
(14, 1, '1130e711-fce5-89c4-08e0-97fa09b527c2', 0, '', '1611913091.5820'),
(15, 1, '1dd62938-e209-e78b-33dd-242883f62681', 0, '', '1611913091.5820'),
(16, 1, '2376f97a-a273-a0b7-b160-3b7c428883ce', 0, '', '1611913091.5820'),
(17, 1, '239476c8-d430-99d7-711a-a765ec115210', 0, '', '1611913091.5820'),
(18, 1, '27ffde3d-b630-6047-d696-a3ce4dde36aa', 0, '', '1611913091.5820'),
(19, 1, '2c114352-6a00-8ac3-171d-c6a3253e6b9e', 0, '', '1611913091.5820'),
(20, 1, '2dc12db8-2c73-dadf-04d0-b2813bf0bc6b', 0, '', '1611913091.5820'),
(21, 1, '34ea3876-a544-0723-145e-8a2ec2b5ef5a', 0, '', '1611913091.5820'),
(22, 1, '362c182d-d19c-4a73-0f86-836596b10a11', 0, '', '1611913091.5820'),
(23, 1, '391d96b8-2ab2-b709-babd-e8c68ac82012', 0, '', '1611913091.5820'),
(24, 1, '3b87b42d-cd38-9065-be58-dbf35612198f', 0, '', '1611913091.5820'),
(25, 1, '3d025656-4f79-4972-647a-740e2db7703c', 0, '', '1611913091.5820'),
(26, 1, '42ee8723-9390-9067-14b7-857173e390ad', 0, '', '1611913091.5820'),
(27, 1, '43f7add8-f916-7824-f753-2ef638c3e698', 0, '', '1611913091.5820'),
(28, 1, '445e77c0-0257-1d82-cfed-5cea8e07fcb5', 0, '', '1611913091.5820'),
(29, 1, '4e0d9d9a-d863-e60b-8bf7-32bc15131ad4', 0, '', '1611913091.5820'),
(30, 1, '53204e73-d3dd-db62-7b79-6c3a1648c1c5', 0, '', '1611913091.5820'),
(31, 1, '583a303d-b53b-007c-0246-0bb4a9fdeccd', 0, '', '1611913091.5820'),
(32, 1, '6568f5a1-4436-ae37-7e4f-3390bbca9bd1', 0, '', '1611913091.5820'),
(33, 1, '6b791bcf-ca24-2c0c-f7ca-310e4194e958', 0, '', '1611913091.5820'),
(34, 1, '7357e0bc-2d21-e33b-fbf7-c7a038d047e8', 0, '', '1611913091.5820'),
(35, 1, '74815080-5a92-706f-2f65-08f279d9b1fc', 0, '', '1611913091.5820'),
(36, 1, '789230fa-560d-e8c9-f1bd-e5a78ff0ff7a', 0, '', '1611913091.5820'),
(37, 1, '7ba9b70c-5384-5bde-5bc5-b0dfc64a81a7', 0, '', '1611913091.5820'),
(38, 1, '7cc83a87-6426-9b97-2af9-8967b20541d8', 0, '', '1611913091.5821'),
(39, 1, '7dff3c57-5121-6340-e7ba-d4c28ef16eee', 0, '', '1611913091.5821'),
(40, 1, '808c6a64-b478-710b-f611-22a21a3c218f', 0, '', '1611913091.5821'),
(41, 1, '82157039-32ab-9e17-fb11-58f08907d925', 0, '', '1611913091.5821'),
(42, 1, '83acf2f0-19d4-ebff-c111-dde3e03de1f7', 0, '', '1611913091.5821'),
(43, 1, '86324ba1-b311-25a0-6249-28a0adf723c7', 0, '', '1611913091.5821'),
(44, 1, '89c0dae9-a9ec-263a-983b-402bf4af20ef', 0, '', '1611913091.5821'),
(45, 1, '8be09b5d-76d7-44a4-62f8-e03c3b1e149f', 0, '', '1611913091.5821'),
(46, 1, '936cd28c-e7d7-b371-6dcb-a0a21fb67365', 0, '', '1611913091.5821'),
(47, 1, '9e5756c7-183e-06bd-8d00-d20ec4d647d3', 0, '', '1611913091.5821'),
(48, 1, 'a7bbf097-fb84-20d9-fd6a-84092a1e688d', 0, '', '1611913091.5821'),
(49, 1, 'aaaf2cb3-aee9-152e-ae5a-71dcfe99cdab', 0, '', '1611913091.5821'),
(50, 1, 'adedfb4b-4974-f739-0ecf-d55d5b6c8b2a', 0, '', '1611913091.5821'),
(51, 1, 'b1a17a1b-8774-b20a-94d1-fe2638f003fe', 0, '', '1611913091.5821'),
(52, 1, 'b32de393-ade9-f5d1-249b-6bde3259a158', 0, '', '1611913091.5821'),
(53, 1, 'b7644e22-b2ce-bf6f-3ad6-405237992dad', 0, '', '1611913091.5821'),
(54, 1, 'bae91893-7fb4-0df4-ace1-78fbd1843dce', 0, '', '1611913091.5821'),
(55, 1, 'c087f2d3-0a94-a66e-c08b-a66e3ce42ac7', 0, '', '1611913091.5821'),
(56, 1, 'c1a55407-fbb4-c8c3-f16a-8b08f90b0ffd', 0, '', '1611913091.5821'),
(57, 1, 'ca55f581-b4c5-c430-48c3-a80ade0941b8', 0, '', '1611913091.5821'),
(58, 1, 'cfc95cfa-a47e-fc13-58c2-b23dd0db5c6a', 0, '', '1611913091.5821'),
(59, 1, 'd955416a-5c14-49c2-de38-98ed5135c197', 0, '', '1611913091.5821'),
(60, 1, 'd9e13abf-b437-8b3f-1326-723f5b8322e5', 0, '', '1611913091.5821'),
(61, 1, 'da85172a-dbe3-b77c-e659-3328eff5b737', 0, '', '1611913091.5821'),
(62, 1, 'dc81d0f4-d330-36b9-67fc-f540b3aa9d1a', 0, '', '1611913091.5822'),
(63, 1, 'e487b1a4-da55-d2d1-d8a2-d0524273473d', 0, '需要翻译  不会操作  找不到书籍数据', '1611913091.5822'),
(64, 1, 'ed1e3623-6a10-4bb9-828b-8f3502770bd8', 11, '', '1611913091.5822'),
(65, 1, 'f47bc322-d00f-f87d-a460-c63bfc7ceb7a', 14, '', '1611913091.5822'),
(66, 1, 'f8af1fac-3089-d671-99c5-d4d01f68a842', 13, '', '1611913091.5822'),
(67, 1, 'f958962a-dff6-42fa-7cee-e2776ec1b9db', 0, '需要翻译  不会操作  找不到书籍数据', '1611913091.5822'),
(68, 1, 'fc3a572e-0225-e319-32e3-85dfa0108ab3', 0, '需要翻译  不会操作  找不到书籍数据', '1611913091.5822'),
(69, 11, 'bbca5de5-7f54-50fe-74ec-447b6c4f17a4', 14, '', '1612407728.0777'),
(70, 11, 'd5e1d705-8ada-6d72-0e6e-a2d4a2711f34', 14, '', '1612407728.0778'),
(75, 14, 'aeab874b-eaeb-50aa-3f97-3d105e626e08', 14, '', '1612687964.8741'),
(76, 14, 'c24363f6-9ac1-a857-830c-2e4f96b58666', 14, '', '1612687964.8741'),
(79, 16, 'c7ccca03-3a77-dbdf-e897-c26fa0d5e3f7', 0, '不会操作  找不到书籍数据  难以判断', '1612751662.7092'),
(80, 16, 'e66317d0-a3f3-4cb4-c65d-1223fcda60b1', 0, '需要翻译  不会操作  找不到书籍数据  难以判断', '1612751662.7092');

--
-- 转储表的索引
--

--
-- 表的索引 `book`
--
ALTER TABLE `book`
  ADD UNIQUE KEY `book_isbn_with_book_name_with_owner_id` (`isbn`,`book_name`,`owner_id`);

--
-- 表的索引 `service_batch`
--
ALTER TABLE `service_batch`
  ADD PRIMARY KEY (`id`);

--
-- 表的索引 `service_book`
--
ALTER TABLE `service_book`
  ADD PRIMARY KEY (`id`);

--
-- 在导出的表使用AUTO_INCREMENT
--

--
-- 使用表AUTO_INCREMENT `service_batch`
--
ALTER TABLE `service_batch`
  MODIFY `id` bigint(20) UNSIGNED NOT NULL AUTO_INCREMENT, AUTO_INCREMENT=17;

--
-- 使用表AUTO_INCREMENT `service_book`
--
ALTER TABLE `service_book`
  MODIFY `id` bigint(20) UNSIGNED NOT NULL AUTO_INCREMENT, AUTO_INCREMENT=81;
COMMIT;

/*!40101 SET CHARACTER_SET_CLIENT=@OLD_CHARACTER_SET_CLIENT */;
/*!40101 SET CHARACTER_SET_RESULTS=@OLD_CHARACTER_SET_RESULTS */;
/*!40101 SET COLLATION_CONNECTION=@OLD_COLLATION_CONNECTION */;
